{
    "climate": {
        "high": [
            -3,
            -1,
            4,
            11,
            16,
            20,
            23,
            22,
            16,
            12,
            3,
            -2
        ],
        "low": [
            -14,
            -11,
            -7,
            -2,
            4,
            8,
            10,
            9,
            4,
            0,
            -8,
            -12
        ]
    },
    "crime": {
        "high": [
            84.8,
            82.1,
            72.1,
            61.2,
            62,
            63,
            72.1,
            61.3
        ]
    },
    "living_cost": 2069,
    "labour": {
        "Agriculture, forestry, fishing and hunting": {
            "count": 2485,
            "rate": 0.003489065955280986
        },
        "Mining, quarrying, and oil and gas extraction": {
            "count": 44755,
            "rate": 0.06283828846221348
        },
        "Utilities": {
            "count": 7975,
            "rate": 0.011197304222682438
        },
        "Construction": {
            "count": 64960,
            "rate": 0.09120713257748604
        },
        "Manufacturing": {
            "count": 36825,
            "rate": 0.05170416652041138
        },
        "Wholesale trade": {
            "count": 25880,
            "rate": 0.03633683175962652
        },
        "Retail trade": {
            "count": 78685,
            "rate": 0.11047772824598968
        },
        "Transportation and warehousing": {
            "count": 39765,
            "rate": 0.05583207553792692
        },
        "Information and cultural industries": {
            "count": 14375,
            "rate": 0.020183228614552986
        },
        "Finance and insurance": {
            "count": 26420,
            "rate": 0.0370950191301906
        },
        "Real estate and rental and leasing": {
            "count": 14460,
            "rate": 0.020302572922882515
        },
        "Professional, scientific and technical services": {
            "count": 76775,
            "rate": 0.10779599143529081
        },
        "Management of companies and enterprises": {
            "count": 3435,
            "rate": 0.00482291410719927
        },
        "Administrative and support, waste management and remediation services": {
            "count": 30815,
            "rate": 0.04326582189617045
        },
        "Educational services": {
            "count": 45005,
            "rate": 0.06318930113377093
        },
        "Health care and social assistance": {
            "count": 77105,
            "rate": 0.10825932816174665
        },
        "Arts, entertainment and recreation": {
            "count": 16270,
            "rate": 0.022843904664958406
        },
        "Accommodation and food services": {
            "count": 50545,
            "rate": 0.07096774193548387
        },
        "Other services (except public administration)": {
            "count": 29960,
            "rate": 0.042065358559443995
        },
        "Public administration": {
            "count": 25730,
            "rate": 0.036126224156692054
        }
    },
    "commute_time": {
        "Less than 15 minutes": {
            "count": 105445,
            "rate": 0.1726936241995447
        },
        "15 to 29 minutes": {
            "count": 256495,
            "rate": 0.42007730228139994
        },
        "30 to 44 minutes": {
            "count": 161505,
            "rate": 0.26450646096398567
        },
        "45 to 59 minutes": {
            "count": 50720,
            "rate": 0.08306719730097119
        },
        "60 minutes and over": {
            "count": 36425,
            "rate": 0.059655415254098496
        }
    },
    "commute_mode": {
        "Car, truck, van - as a driver": {
            "count": 433730,
            "rate": 0.710339914345843
        },
        "Car, truck, van - as a passenger": {
            "count": 31375,
            "rate": 0.051384305472530895
        },
        "Public transit": {
            "count": 96510,
            "rate": 0.158058942506899
        },
        "Walked": {
            "count": 30265,
            "rate": 0.049566406537885174
        },
        "Bicycle": {
            "count": 9860,
            "rate": 0.016148183329375444
        },
        "Other method": {
            "count": 8855,
            "rate": 0.014502247807466487
        }
    }
}