{
    "climate": {
        "high": [
            0,
            0,
            5,
            12,
            19,
            24,
            27,
            26,
            23,
            15,
            9,
            3
        ],
        "low": [
            -7,
            -7,
            -2,
            4,
            10,
            15,
            18,
            18,
            14,
            8,
            2,
            -3
        ]
    },
    "crime": {
        "high": [
            94.5,
            88.4,
            84.7,
            78.4,
            68.2,
            63.5,
            64.6,
            70.4
        ]
    },
    "living_cost": 2136,
    "labour": {
        "Agriculture, forestry, fishing and hunting": {
            "count": 5115,
            "rate": 0.0017832023385574364
        },
        "Mining, quarrying, and oil and gas extraction": {
            "count": 3950,
            "rate": 0.0013770575243991932
        },
        "Utilities": {
            "count": 13965,
            "rate": 0.004868508437527781
        },
        "Construction": {
            "count": 163810,
            "rate": 0.05710779571438781
        },
        "Manufacturing": {
            "count": 256170,
            "rate": 0.08930653823426363
        },
        "Wholesale trade": {
            "count": 128255,
            "rate": 0.044712534884004694
        },
        "Retail trade": {
            "count": 307460,
            "rate": 0.1071873687219686
        },
        "Transportation and warehousing": {
            "count": 153930,
            "rate": 0.05366340879259945
        },
        "Information and cultural industries": {
            "count": 100825,
            "rate": 0.035149829087987
        },
        "Finance and insurance": {
            "count": 233060,
            "rate": 0.08124988016113316
        },
        "Real estate and rental and leasing": {
            "count": 76725,
            "rate": 0.026748035078361546
        },
        "Professional, scientific and technical services": {
            "count": 317960,
            "rate": 0.11084790138176392
        },
        "Management of companies and enterprises": {
            "count": 7965,
            "rate": 0.00277677548907331
        },
        "Administrative and support, waste management and remediation services": {
            "count": 148930,
            "rate": 0.05192029800222072
        },
        "Educational services": {
            "count": 208170,
            "rate": 0.07257267464662787
        },
        "Health care and social assistance": {
            "count": 265290,
            "rate": 0.09248597231591443
        },
        "Arts, entertainment and recreation": {
            "count": 57575,
            "rate": 0.020071920751211027
        },
        "Accommodation and food services": {
            "count": 189685,
            "rate": 0.06612839405459772
        },
        "Other services (except public administration)": {
            "count": 123585,
            "rate": 0.043084469405790964
        },
        "Public administration": {
            "count": 106010,
            "rate": 0.03695743497760974
        }
    },
    "commute_time": {
        "Less than 15 minutes": {
            "count": 341440,
            "rate": 0.1362596051967332
        },
        "15 to 29 minutes": {
            "count": 732785,
            "rate": 0.29243496600892727
        },
        "30 to 44 minutes": {
            "count": 668925,
            "rate": 0.26695014177080817
        },
        "45 to 59 minutes": {
            "count": 335205,
            "rate": 0.13377138284902457
        },
        "60 minutes and over": {
            "count": 427450,
            "rate": 0.1705839041745068
        }
    },
    "commute_mode": {
        "Car, truck, van - as a driver": {
            "count": 1509390,
            "rate": 0.6023549224503805
        },
        "Car, truck, van - as a passenger": {
            "count": 139630,
            "rate": 0.055722389721507774
        },
        "Public transit": {
            "count": 656330,
            "rate": 0.26192276764246364
        },
        "Walked": {
            "count": 136810,
            "rate": 0.054597007360878594
        },
        "Bicycle": {
            "count": 38460,
            "rate": 0.015348299854538344
        },
        "Other method": {
            "count": 25195,
            "rate": 0.010054612970231242
        }
    }
}