{"climate": {"high": [7, 8, 10, 13, 17, 20, 22, 22, 19, 14, 9, 7], "low": [3, 3, 4, 6, 10, 12, 14, 14, 12, 8, 5, 3]}, "crime": {"high": [117.8, 108.2, 98.3, 92.6, 83.6, 78.2, 85.0, 72.8]}, "living_cost": 1273, "labour": {"Agriculture, forestry, fishing and hunting": {"count": 10325.0, "rate": 0.008385854910496735}, "Mining, quarrying, and oil and gas extraction": {"count": 4045.0, "rate": 0.003285305870504532}, "Utilities": {"count": 6325.0, "rate": 0.00513709756018323}, "Construction": {"count": 89035.0, "rate": 0.07231327767129073}, "Manufacturing": {"count": 78265.0, "rate": 0.06356599850557162}, "Wholesale trade": {"count": 50820.0, "rate": 0.04127546213573308}, "Retail trade": {"count": 139465.0, "rate": 0.11327198596536825}, "Transportation and warehousing": {"count": 68470.0, "rate": 0.05561060394399142}, "Information and cultural industries": {"count": 47820.0, "rate": 0.03883889412299795}, "Finance and insurance": {"count": 60870.0, "rate": 0.04943796497839576}, "Real estate and rental and leasing": {"count": 32600.0, "rate": 0.026477372405055065}, "Professional, scientific and technical services": {"count": 123930.0, "rate": 0.10065462460608818}, "Management of companies and enterprises": {"count": 2915.0, "rate": 0.002367531919040967}, "Administrative and support, waste management and remediation services": {"count": 56980.0, "rate": 0.04627854845521588}, "Educational services": {"count": 92000.0, "rate": 0.07472141905721062}, "Health care and social assistance": {"count": 127730.0, "rate": 0.103740944088886}, "Arts, entertainment and recreation": {"count": 28825.0, "rate": 0.023411357655696696}, "Accommodation and food services": {"count": 105250.0, "rate": 0.0854829277801241}, "Other services (except public administration)": {"count": 56140.0, "rate": 0.04559630941165004}, "Public administration": {"count": 49430.0, "rate": 0.040146518956499136}}, "commute_time": {"Less than 15 minutes": {"count": 189095.0, "rate": 0.17558300950364686}, "15 to 29 minutes": {"count": 353215.0, "rate": 0.3279756350079623}, "30 to 44 minutes": {"count": 286050.0, "rate": 0.2656099837040545}, "45 to 59 minutes": {"count": 129420.0, "rate": 0.12017215203977882}, "60 minutes and over": {"count": 119175.0, "rate": 0.11065921974455757}}, "commute_mode": {"Car, truck, van - as a driver": {"count": 679310.0, "rate": 0.6307691593427767}, "Car, truck, van - as a passenger": {"count": 54145.0, "rate": 0.05027600967542748}, "Public transit": {"count": 229800.0, "rate": 0.21337938911096563}, "Walked": {"count": 73885.0, "rate": 0.06860546633796212}, "Bicycle": {"count": 26595.0, "rate": 0.024694625123612406}, "Other method": {"count": 13220.0, "rate": 0.012275350409255726}}}